supplier_name,supplier_email,supplier_phone,supplier_city,supplier_country,item_code,item_name,item_description,item_category,unit,price,supplier_item_code,lead_time_days,minimum_order_quantity,notes
"Aceros y Metales SA","contacto@aceros.com","555-1234","Ciudad de México","México","ACR-001","Acero Inoxidable 304","Placa de acero inoxidable calibre 16","Metales","kg",85.50,"AM-ACR-001",15,100,"Material de alta calidad"
"Aceros y Metales SA","contacto@aceros.com","555-1234","Ciudad de México","México","ACR-002","Acero al Carbón A36","Barra redonda 1 pulgada","Metales","kg",45.00,"AM-ACR-002",10,50,"Para construcción"
"Materiales Globales","info@materiales.com","555-5678","Monterrey","México","CEM-001","Cemento Portland CPC 30","Cemento gris uso general 50kg","Construcción","bulto",185.00,"MG-CEM-001",7,10,"50kg por bulto"
"Herramientas Pro","ventas@herramientas.com","555-9012","Guadalajara","México","TOR-001","Tornillo Hexagonal M8","Tornillo acero grado 8.8 con tuerca","Ferretería","pza",2.50,"HP-TOR-001",5,500,"Incluye tuerca"
"Pinturas Premium","ventas@pinturas.com","555-3456","Puebla","México","PIN-001","Pintura Vinílica Blanco","Pintura interior mate, rendimiento 12m2/L","Pinturas","litro",95.00,"PP-PIN-001",10,20,"Secado rápido"
