name,contact_person,email,phone,address,city,country,tax_id,category,rating,payment_terms,notes,active
"FERRETERIA INDUSTRIAL MYM","","","8186547337","Isidro Sepulveda #538 Local B y C","Apodaca","México","","Ferretería",0.0,"","Proveedor de herramienta e insumos de almacén",1
"ACEROS VELA","","","80307951 / 8186547448","Carr. Colombia 213, Res Puerta Del Norte","General Escobedo","México","","Metales",0.0,"","Proveedor de varillas estructurales, láminas y aceros",1
"COMPRABIEN","","","8186572100","Universidad 103, Col. Anahuac, CP 66450","San Nicolas","México","","Ferretería",0.0,"","Tienda de artículos para el hogar - Proveedor de herramientas",1
"IMPULSORA INDUSTRIAL MONTERREY","","","8181257000","Carr. Miguel Aleman 1500 Valle de Huinala","Apodaca","México","","Electricidad",0.0,"","Proveedor de cableado",1
"FERRETERIA Y MATERIALES GONZALEZ","","ferretera-gonzales@hotmail.com","8141057362 / 8118131035","Ave. Blvd. Benito Juarez #134 col. Lazaro Cardenas","General Escobedo","México","","Soldadura",0.0,"","Ventas de mostrador - Proveedor insumos para soldaduras y protecciones",1
"PC PARELECOS","","ventas@parelecos.com.mx","83847001 / 83971999","Ave. Blvd. Benito Juarez #207 ote. col. Lazaro Cardenas","General Escobedo","México","","Electricidad",0.0,"","Material eléctrico, herramientas, ferretería",1
"PIDECSA","","sendero@pidecsa.com","8112310731","Jose Lopez Portillo #117, Col. Valle del Canada","General Escobedo","México","","Soldadura",0.0,"","Gases, soldaduras y ferretería - Proveedor de alambre y carga de dióxido de carbono",1
"MANGUERAS Y CONEXIONES","","","","Puebla Ote. #222","","México","","Ferretería",0.0,"","Proveedor de manguera y abrazaderas para el compresor",1
"PERFILES Y LAMINAS","","ventas@perfilesylaminas.mx","8183518378 / 8183518379","Pablo A. De La Garza #2815 Col. Moderna","Monterrey","México","","Metales",0.0,"","Compra venta de materiales y perfiles de acero - Proveedor de piezas para las puertas",1
