name,contact_person,email,phone,address,city,country,tax_id,category,rating,payment_terms,notes,active
"Aceros y Metales SA","Juan Pérez","juan@aceros.com","555-1001","Av. Industrial 123","Ciudad de México","México","ACE920101ABC","Metales",4.5,"30 días","Proveedor confiable de aceros",1
"Tornillería Nacional","María García","maria@tornillos.com","555-1002","Calle Comercio 456","Monterrey","México","TOR910202DEF","Ferretería",4.8,"15 días","Excelente servicio",1
"Materiales de Construcción Global","Carlos López","carlos@matglobal.com","555-1003","Blvd. Construcción 789","Guadalajara","México","MAT900303GHI","Construcción",4.2,"60 días","Amplio catálogo",1
"Pinturas y Recubrimientos Pro","Ana Martínez","ana@pinturas.com","555-1004","Calle Colorida 321","Puebla","México","PIN880404JKL","Pinturas",5.0,"45 días","Alta calidad",1
"Equipos Industriales Tech","Roberto Sánchez","roberto@equipos.com","555-1005","Zona Industrial 555","Querétaro","México","EQU870505MNO","Equipos",4.3,"30 días","Tecnología moderna",1
"Maderas y Derivados","Laura Ramírez","laura@maderas.com","555-1006","Camino Forestal 888","Morelia","México","MAD860606PQR","Madera",4.0,"20 días","Productos sustentables",1
"Cementos y Agregados SA","Pedro González","pedro@cementos.com","555-1007","Carretera Norte Km 12","León","México","CEM850707STU","Cementos",4.7,"90 días","Proveedor mayorista",1
"Herramientas Profesionales","Sofia Torres","sofia@herramientas.com","555-1008","Plaza Industrial 222","Tijuana","México","HER840808VWX","Herramientas",4.9,"25 días","Garantía extendida",1
