supplier_name,supplier_email,supplier_phone,supplier_city,supplier_country,item_code,item_name,item_description,item_category,unit,price,supplier_item_code,lead_time_days,minimum_order_quantity,notes
"ACEROS VELA","","80307951 / 8186547448","General Escobedo","México","MAT-001","CUADRADO 3/4 CAL.18","Tubo cuadrado 3/4 pulgada calibre 18","Metales","kg",103.19,"",7,1,"Material estructural"
"ACEROS VELA","","80307951 / 8186547448","General Escobedo","México","MAT-002","CUADRADO 11/2 CAL. 18","Tubo cuadrado 1 1/2 pulgada calibre 18","Metales","kg",264.65,"",7,1,"Material estructural"
"ACEROS VELA","","80307951 / 8186547448","General Escobedo","México","MAT-003","SOLERA 3/16 X 1 1/2 LAMINADA","Solera laminada 3/16 x 1 1/2 pulgada","Metales","kg",229.01,"",7,1,"Material laminado"
"ACEROS VELA","","80307951 / 8186547448","General Escobedo","México","MAT-004","CUADRADO 11/2 CAL. 14","Tubo cuadrado 1 1/2 pulgada calibre 14","Metales","kg",315.90,"",7,1,"Material estructural"
"ACEROS VELA","","80307951 / 8186547448","General Escobedo","México","MAT-005","RECTANGULAR 1/2 X 1 CAL. 18","Tubo rectangular 1/2 x 1 pulgada calibre 18","Metales","kg",147.81,"",7,1,"Material estructural"
"ACEROS VELA","","80307951 / 8186547448","General Escobedo","México","MAT-006","SOLERA 1/8 X 1/2 LAMINADA","Solera laminada 1/8 x 1/2 pulgada","Metales","kg",60.06,"",7,1,"Material laminado"
"ACEROS VELA","","80307951 / 8186547448","General Escobedo","México","MAT-007","CUADRADO 1 CAL. 18","Tubo cuadrado 1 pulgada calibre 18","Metales","kg",179.98,"",7,1,"Material estructural"
"ACEROS VELA","","80307951 / 8186547448","General Escobedo","México","MAT-008","RECTANGULAR 3 X 2 CAL. 14","Tubo rectangular 3 x 2 pulgadas calibre 14","Metales","kg",478.20,"",7,1,"Material estructural"
"ACEROS VELA","","80307951 / 8186547448","General Escobedo","México","MAT-009","RECTANGULAR 4 X 2 CAL.14","Tubo rectangular 4 x 2 pulgadas calibre 14","Metales","kg",622.57,"",7,1,"Material estructural"
"ACEROS VELA","","80307951 / 8186547448","General Escobedo","México","MAT-010","VARILLA CUADRADA 3/8","Varilla cuadrada 3/8 pulgada","Metales","kg",104.60,"",7,1,"Varilla de acero"
"ACEROS VELA","","80307951 / 8186547448","General Escobedo","México","MAT-011","SOLERA 3/16 X 2 LAMINADA","Solera laminada 3/16 x 2 pulgadas","Metales","kg",311.71,"",7,1,"Material laminado"
"ACEROS VELA","","80307951 / 8186547448","General Escobedo","México","MAT-012","RECTANGULAR 6 X 2 CAL. 14","Tubo rectangular 6 x 2 pulgadas calibre 14","Metales","kg",851.90,"",7,1,"Material estructural"
"ACEROS VELA","","80307951 / 8186547448","General Escobedo","México","MAT-013","SOLERA 3/16 X 1/2 LAMINADA","Solera laminada 3/16 x 1/2 pulgada","Metales","kg",90.13,"",7,1,"Material laminado"
"ACEROS VELA","","80307951 / 8186547448","General Escobedo","México","MAT-014","CUADRADO 2 CAL. 14","Tubo cuadrado 2 pulgadas calibre 14","Metales","kg",416.66,"",7,1,"Material estructural"
"ACEROS VELA","","80307951 / 8186547448","General Escobedo","México","MAT-015","RECTANGULAR 4 X 11/2 CAL.18","Tubo rectangular 4 x 1 1/2 pulgadas calibre 18","Metales","kg",484.55,"",7,1,"Material estructural"
"ACEROS VELA","","80307951 / 8186547448","General Escobedo","México","MAT-016","RECTANGULAR 3 X 11/2 CAL. 14","Tubo rectangular 3 x 1 1/2 pulgadas calibre 14","Metales","kg",365.64,"",7,1,"Material estructural"
"ACEROS VELA","","80307951 / 8186547448","General Escobedo","México","MAT-017","RECTANGULAR 2 X 1 CAL. 14","Tubo rectangular 2 x 1 pulgada calibre 14","Metales","kg",308.82,"",7,1,"Material estructural"
"ACEROS VELA","","80307951 / 8186547448","General Escobedo","México","MAT-018","RECTANGULAR 3/4 X 11/4 CAL. 18","Tubo rectangular 3/4 x 1 1/4 pulgadas calibre 18","Metales","kg",169.66,"",7,1,"Material estructural"
"ACEROS VELA","","80307951 / 8186547448","General Escobedo","México","MAT-019","RECTANGULAR 21/2 X 11/2 CAL. 14","Tubo rectangular 2 1/2 x 1 1/2 pulgadas calibre 14","Metales","kg",401.83,"",7,1,"Material estructural"
"ACEROS VELA","","80307951 / 8186547448","General Escobedo","México","MAT-020","PLACA DE 4 X 10 DE 1/4","Placa de acero 4 x 10 pies de 1/4 pulgada","Metales","pza",4164.00,"",7,1,"Placa de acero"
"ACEROS VELA","","80307951 / 8186547448","General Escobedo","México","MAT-021","ANGULO 1/8 X 2","Ángulo de acero 1/8 x 2 pulgadas","Metales","kg",425.55,"",7,1,"Ángulo estructural"
"ACEROS VELA","","80307951 / 8186547448","General Escobedo","México","MAT-022","POLIN 8 X 8 MTS. CAL 14 C.C.","Polín 8 x 8 metros calibre 14 centro a centro","Metales","pza",954.45,"",7,1,"Polín estructural"
"ACEROS VELA","","80307951 / 8186547448","General Escobedo","México","MAT-023","CUADRADO 11/4 CAL. 14","Tubo cuadrado 1 1/4 pulgada calibre 14","Metales","kg",257.40,"",7,1,"Material estructural"
"ACEROS VELA","","80307951 / 8186547448","General Escobedo","México","MAT-024","CUADRADO 4 CAL. 14","Tubo cuadrado 4 pulgadas calibre 14","Metales","kg",932.11,"",7,1,"Material estructural"
"ACEROS VELA","","80307951 / 8186547448","General Escobedo","México","MAT-025","SOLERA 3/16 X 1 1/4 LAMINADA","Solera laminada 3/16 x 1 1/4 pulgada","Metales","kg",171.79,"",7,1,"Material laminado"
"ACEROS VELA","","80307951 / 8186547448","General Escobedo","México","MAT-026","RECTANGULAR 1/2 X 11/2 CAL. 18","Tubo rectangular 1/2 x 1 1/2 pulgadas calibre 18","Metales","kg",170.17,"",7,1,"Material estructural"
"ACEROS VELA","","80307951 / 8186547448","General Escobedo","México","MAT-027","CUADRADO 3/4 CAL.14","Tubo cuadrado 3/4 pulgada calibre 14","Metales","kg",139.19,"",7,1,"Material estructural"
"ACEROS VELA","","80307951 / 8186547448","General Escobedo","México","MAT-028","SOLERA 1/4 X 3/4 LAMINADA","Solera laminada 1/4 x 3/4 pulgada","Metales","kg",172.97,"",7,1,"Material laminado"
"ACEROS VELA","","80307951 / 8186547448","General Escobedo","México","MAT-029","CUADRADO 1/2 CAL. 18","Tubo cuadrado 1/2 pulgada calibre 18","Metales","kg",95.24,"",7,1,"Material estructural"
"ACEROS VELA","","80307951 / 8186547448","General Escobedo","México","MAT-030","SOLERA 1/4 X 1/2 LAMINADA","Solera laminada 1/4 x 1/2 pulgada","Metales","kg",120.64,"",7,1,"Material laminado"
"ACEROS VELA","","80307951 / 8186547448","General Escobedo","México","MAT-031","SOLERA 3/16 X 3/4 LAMINADA","Solera laminada 3/16 x 3/4 pulgada","Metales","kg",110.78,"",7,1,"Material laminado"
"FERRETERIA Y MATERIALES GONZALEZ","ferretera-gonzales@hotmail.com","8141057362 / 8118131035","General Escobedo","México","MAT-032","RUEDA FLAP 3 X 1 G-60 RF3160","Rueda de lija flap 3 x 1 grano 60","Ferretería","pza",49.00,"RF3160",3,1,"Herramienta de desbaste"
"FERRETERIA Y MATERIALES GONZALEZ","ferretera-gonzales@hotmail.com","8141057362 / 8118131035","General Escobedo","México","MAT-033","RUEDA FLAP 1 X 1 RF1160","Rueda de lija flap 1 x 1","Ferretería","pza",27.00,"RF1160",3,1,"Herramienta de desbaste"
"FERRETERIA Y MATERIALES GONZALEZ","ferretera-gonzales@hotmail.com","8141057362 / 8118131035","General Escobedo","México","MAT-034","ARGOS CONTACTO NARANJA DOBLE POLARIZADO","Contacto eléctrico naranja doble polarizado marca Argos","Electricidad","pza",37.00,"",3,1,"Material eléctrico"
"FERRETERIA Y MATERIALES GONZALEZ","ferretera-gonzales@hotmail.com","8141057362 / 8118131035","General Escobedo","México","MAT-035","LAINA DE ACERO CHICA AEN02","Laina de acero tamaño chico","Ferretería","pza",5.50,"AEN02",3,10,"Laina para ajuste"
"FERRETERIA Y MATERIALES GONZALEZ","ferretera-gonzales@hotmail.com","8141057362 / 8118131035","General Escobedo","México","MAT-036","LAINA DE ACERO GRANDE AEN03","Laina de acero tamaño grande","Ferretería","pza",8.50,"AEN03",3,10,"Laina para ajuste"
"FERRETERIA Y MATERIALES GONZALEZ","ferretera-gonzales@hotmail.com","8141057362 / 8118131035","General Escobedo","México","MAT-037","PORRON DE PLASTICO 20 LTROS PORRON20","Porrón de plástico 20 litros","Herramientas","pza",78.50,"PORRON20",3,1,"Contenedor de líquidos"
"FERRETERIA Y MATERIALES GONZALEZ","ferretera-gonzales@hotmail.com","8141057362 / 8118131035","General Escobedo","México","MAT-038","VOLTECH CLAVIJA BLINDADA 3 PATAS","Clavija blindada 3 patas marca Voltech","Electricidad","pza",16.00,"",3,5,"Material eléctrico"
"FERRETERIA Y MATERIALES GONZALEZ","ferretera-gonzales@hotmail.com","8141057362 / 8118131035","General Escobedo","México","MAT-039","PIEDRA ROSA PUNTA P/DESBASTE 3/4 X 2 1/2","Piedra de desbaste rosa con punta 3/4 x 2 1/2","Herramientas","pza",41.50,"",3,1,"Piedra para esmeril"
"PERFILES Y LAMINAS","ventas@perfilesylaminas.mx","8183518378 / 8183518379","Monterrey","México","MAT-040","CARRETILLA C/BAL 4R P/RIEL SUP (300KGS) HI M. MED","Carretilla con balero 4 ruedas para riel superior 300kg","Ferretería","pza",499.50,"",5,1,"Herraje para puertas"
"ASH","","","","México","MAT-041","BISAGRA TUBULAR CON GRASERA MAQUINADA (19.0MM) 3/4","Bisagra tubular con grasera maquinada 19mm 3/4 pulgada","Ferretería","pza",36.00,"",7,5,"Bisagra industrial"
"FERRETERIA Y MATERIALES GONZALEZ","ferretera-gonzales@hotmail.com","8141057362 / 8118131035","General Escobedo","México","MAT-042","WESTON TOBERA DE LATON T/BERNARD Z-62700","Tobera de latón tipo Bernard marca Weston","Soldadura","pza",87.50,"Z-62700",3,1,"Consumible soldadura"
"GASES INDUSTRIALES RAFE S.A. DE C.V.","","","","México","MAT-043","TOBERA BINZEL 145.0075","Tobera Binzel para soldadura","Soldadura","pza",145.00,"145.0075",5,1,"Consumible soldadura"
"FERRETERIA Y MATERIALES GONZALEZ","ferretera-gonzales@hotmail.com","8141057362 / 8118131035","General Escobedo","México","MAT-044","SOLDADURA 6013 DE 1/8 SOL10(KG)","Electrodo para soldadura 6013 de 1/8 pulgada","Soldadura","kg",77.50,"SOL10",3,5,"Material de soldadura"
"FERRETERIA Y MATERIALES GONZALEZ","ferretera-gonzales@hotmail.com","8141057362 / 8118131035","General Escobedo","México","MAT-045","ANCLO EXPANSOR Z 1/4 C/TORNILLO ANC06","Ancla expansora 1/4 con tornillo","Ferretería","pza",19.00,"ANC06",3,10,"Ancla para concreto"
"FERRETERIA Y MATERIALES GONZALEZ","ferretera-gonzales@hotmail.com","8141057362 / 8118131035","General Escobedo","México","MAT-046","LENTE DE SEGURIDAD CLARO FORTE","Lente de seguridad transparente marca Forte","Seguridad","pza",18.00,"",3,5,"Equipo de protección"
"FERRETERIA Y MATERIALES GONZALEZ","ferretera-gonzales@hotmail.com","8141057362 / 8118131035","General Escobedo","México","MAT-047","VIDRIO CLARO P/CARETA ASE04","Vidrio transparente para careta de soldar","Seguridad","pza",4.00,"ASE04",3,10,"Consumible de protección"
"FERRETERIA Y MATERIALES GONZALEZ","ferretera-gonzales@hotmail.com","8141057362 / 8118131035","General Escobedo","México","MAT-048","VIDRIO P/CARETA OBSCURO ASE01","Vidrio oscuro para careta de soldar","Seguridad","pza",10.00,"ASE01",3,10,"Consumible de protección"
"FERRETERIA Y MATERIALES GONZALEZ","ferretera-gonzales@hotmail.com","8141057362 / 8118131035","General Escobedo","México","MAT-049","WESTON REGULADOR C/FLUJOMETRO P/CO2","Regulador con flujómetro para CO2 marca Weston","Soldadura","pza",528.00,"",3,1,"Equipo de soldadura"
"ACEROS VELA","","80307951 / 8186547448","General Escobedo","México","MAT-050","CUADRADO DE 3/8","Tubo cuadrado 3/8 pulgada","Metales","kg",137.92,"",7,1,"Material estructural"
"ACEROS VELA","","80307951 / 8186547448","General Escobedo","México","MAT-051","SOLERA 1/8 X 2 1/2","Solera 1/8 x 2 1/2 pulgadas","Metales","kg",253.90,"",7,1,"Material laminado"
"ACEROS VELA","","80307951 / 8186547448","General Escobedo","México","MAT-052","ANGULO 1/8 X 3/4","Ángulo de acero 1/8 x 3/4 pulgada","Metales","kg",153.84,"",7,1,"Ángulo estructural"
"ACEROS VELA","","80307951 / 8186547448","General Escobedo","México","MAT-053","LAMINA NEGRA LISA 4 X 10 CAL.16","Lámina negra lisa 4 x 10 pies calibre 16","Metales","pza",1067.20,"",7,1,"Lámina de acero"
"ACEROS VELA","","80307951 / 8186547448","General Escobedo","México","MAT-054","LAMINA NEGRA LISA 4 X 10 CAL.14","Lámina negra lisa 4 x 10 pies calibre 14","Metales","pza",1210.62,"",7,1,"Lámina de acero"
"ACEROS VELA","","80307951 / 8186547448","General Escobedo","México","MAT-055","SOLERA 1/4 X 2","Solera 1/4 x 2 pulgadas","Metales","kg",440.22,"",7,1,"Material laminado"
"ACEROS VELA","","80307951 / 8186547448","General Escobedo","México","MAT-056","SOLERA 1/8 X 2","Solera 1/8 x 2 pulgadas","Metales","kg",230.77,"",7,1,"Material laminado"
"ACEROS VELA","","80307951 / 8186547448","General Escobedo","México","MAT-057","SOLERA 1/8 X 1 1/2","Solera 1/8 x 1 1/2 pulgadas","Metales","kg",140.12,"",7,1,"Material laminado"
"ACEROS VELA","","80307951 / 8186547448","General Escobedo","México","MAT-058","SOLERA 1/8 X 1","Solera 1/8 x 1 pulgada","Metales","kg",99.35,"",7,1,"Material laminado"
